-787.31,286,3503,2847
-1165.30,2411,4256,3709
723.99,2764,4299,4171
1248.77,670,3617,2893
882.35,209,4374,1415
437.47,283,3944,2790
1777.14,2901,1487,1855
890.29,668,1640,1658
1557.35,909,1121,4375
-1169.35,597,1444,2627
-368.59,2795,4809,3638
-1295.05,2889,1566,4203
801.93,2317,4813,4853
-448.62,1462,1853,2958
170.65,2082,4816,2742
1462.14,2447,1302,3630
-909.26,411,2474,2249
1120.20,2907,4137,3311
84.48,368,4336,1554
1077.15,1982,3973,2140
-357.10,1699,2215,1371
787.28,2852,3016,2840
1443.88,528,2784,3756
1211.22,299,1404,3530
367.08,427,3545,1939
-31.86,1614,1599,4230
1118.86,2264,2629,3281
-44.91,166,4784,1484
1091.50,1062,3754,4361
470.99,1504,1369,2486
-708.98,2944,2184,1009
-188.76,2258,3381,4587
515.85,2646,1252,4398
1342.42,1298,2310,3661
-375.04,1007,1791,2210
-906.39,2613,2379,3928
251.69,2901,3565,3863
558.96,300,4258,4338
357.66,1121,2360,3797
380.41,2626,2095,1994
626.94,1557,3313,2643
-408.79,2516,2210,1275
-29.76,2913,3137,2770
-931.46,2238,3754,2239
1803.03,2570,4648,3481
993.18,1160,1019,1309
451.44,796,4472,1046
1693.71,2347,2999,1338
-75.32,110,2233,2322
-258.45,883,4201,4338
641.88,1653,4459,3276
-20.45,518,2937,4060
838.13,1738,2917,3899
600.95,1737,2594,1652
1083.89,374,2436,4918
321.37,895,3803,1244
-341.29,1235,4516,2231
96.18,2501,3568,2882
-924.66,1688,4094,2508
233.42,2438,4185,4139
732.92,1539,3444,2987
1319.88,909,3531,2527
-86.82,1631,1293,1654
-1179.68,2573,2963,2578
1406.14,2422,4381,4739
1320.13,1192,2301,1203
988.99,813,2490,1947
227.97,563,2475,3390
1210.63,1278,2739,4142
443.97,1153,1817,2320
1801.49,448,2741,4962
-291.88,374,1961,1796
330.72,2904,4216,1400
-130.44,2234,2236,2631
-545.68,1910,1928,4874
660.82,2696,3207,3494
-38.94,1707,1180,3593
345.43,2548,3497,1966
723.14,1021,3654,3366
573.36,1619,2746,2057
75.13,2245,1657,2445
-395.43,1117,3286,4356
-593.86,2346,4369,2547
932.90,2236,4427,3277
17.34,1454,1082,3323
-1222.29,1969,2465,3813
323.81,2763,3919,4708
1561.68,2854,2322,1474
162.29,1126,1655,1477
610.85,2388,3323,1816
759.50,1251,4131,1710
1263.22,1070,3079,2598
-948.45,308,4320,1249
1352.67,2983,4485,2959
1475.28,261,3662,1698
-894.82,1346,1732,1272
1591.62,2391,4624,3711
1628.81,395,1714,2622
627.94,1270,1562,1112
498.51,1418,1429,3962
-482.01,1418,4158,1724
-1133.61,1512,4889,3778
1152.27,2257,4872,4421
1220.29,383,4157,1604
1224.94,497,2291,2994
528.94,249,2444,3271
478.30,2839,1777,1413
-287.93,472,2889,4675
-452.28,2080,2493,4500
471.63,2286,4047,3132
-284.56,885,4692,2232
718.56,1064,4069,4769
1813.06,296,4170,3038
949.18,870,1116,1698
-1242.59,1234,3236,1592
-111.99,2866,3721,4777
-613.35,1247,4111,3891
172.80,1974,4458,3768
1193.35,2161,3334,2175
541.68,360,2622,2998
539.35,2858,1194,1902
570.18,2142,3207,1238
576.68,320,3446,4134
-215.02,1604,4327,1000
139.91,1667,4412,3167
-394.19,1263,4348,2884
516.96,1508,4545,3854
3.75,1487,2338,3297
1347.85,2631,2481,2669
-455.87,1754,1179,1463
82.48,2327,4584,2554
1130.43,641,4668,3846
1765.48,1465,1659,2160
1558.30,695,2105,1198
1580.22,462,2155,2179
113.77,660,2415,1514
974.89,2176,3737,1937
1038.96,680,2698,3011
774.51,590,1687,3951
1171.34,2165,2237,1429
462.89,1641,2042,1359
818.74,1362,2158,3852
1367.63,663,2789,3419
201.54,1209,1451,2105
997.90,2580,1327,3279
912.54,816,3340,2085
241.28,1584,2480,1810
1474.40,2538,2061,2529
294.26,1729,1285,1028
-712.44,1170,3229,3664
-450.78,2998,2954,3701
1219.63,2226,4086,3196
-864.57,675,3313,1699
292.63,2189,3598,4964
803.72,2281,1573,3299
2067.76,778,2953,3103
-253.96,171,1162,2129
26.36,2448,3509,2772
-572.58,2481,4128,1283
-16.88,2288,3578,3938
437.93,1821,4246,2464
-761.38,1401,1003,4968
-947.72,1980,4649,4015
1004.19,2873,4898,2754
270.59,683,3337,2304
-15.78,1630,4729,1480
744.65,911,3369,4911
913.85,2126,1747,2058
15.94,1779,1476,2427
269.13,2255,2956,2840
-1014.62,2392,1469,3273
-130.61,2277,4509,4380
1163.54,2176,4763,1679
-500.76,1836,1708,1359
544.65,1752,4265,4010
108.34,662,3209,3834
208.83,2823,3411,1124
1741.61,1625,3381,2969
1334.04,110,2876,1561
655.68,503,1893,3027
-166.67,1057,2860,3141
869.84,1053,4458,4063
-104.30,274,4121,2673
158.98,1414,4859,2854
723.10,1282,4851,2310
-757.98,1322,1173,4094
2103.09,2514,3460,4205
116.80,289,1336,1648
838.67,1528,4221,2607
545.18,2359,1896,1223
-62.81,1270,3814,2177
-569.47,1944,2282,4272
-550.69,2186,4048,3657
861.97,2284,2778,4649
952.95,100,3219,3871
760.43,519,2990,3080
582.30,987,2850,2962
-432.00,1906,1034,3616
-9.23,2078,2882,4559
98.67,2234,1344,4502
1189.60,837,3355,4714
-703.31,1191,2710,1457
261.32,1574,4755,4457
296.58,936,4722,2740
-278.79,237,4013,4551
-633.67,2753,2954,2841
-3.19,2848,1706,4931
227.25,1876,3336,3201
-974.43,1699,2670,3467
-141.78,2128,4241,4781
867.24,2797,4073,1279
561.73,1513,1380,3128
-721.66,1832,3395,1538
-659.20,2136,4257,3998
498.61,2025,4183,4079
541.27,756,2684,4310
430.24,1109,4074,2223
-59.48,1157,4536,2025
-300.80,2799,2538,2506
-251.42,2406,3384,3106
623.73,2057,3147,3803
1464.77,2030,2759,1615
-184.23,315,1236,3601
-1176.70,1989,1855,4965
313.57,2538,4063,4831
807.60,1046,2154,4859
1672.14,2323,1735,1534
126.65,776,1789,1637
1622.09,1210,2295,4991
900.28,912,1529,1796
-581.44,462,3025,3304
1074.29,2607,3836,3153
-31.35,268,2015,4099
1553.97,1940,2638,3843
213.56,1365,1450,1275
742.20,584,4021,4178
-487.99,1516,1109,3756
-133.75,2532,2334,4451
-12.06,1157,4635,3611
-332.95,1117,4949,3017
544.47,2968,2260,3290
198.45,1645,3740,1588
389.40,2044,2007,3581
717.56,2424,2974,1411
653.45,924,1526,4474
-150.99,1388,2001,3389
797.86,2520,3018,2810
122.22,434,3576,3129
13.88,2883,1837,2490
-1171.99,602,4918,3879
1594.23,2880,4997,3315
1600.49,771,2046,1631
1204.10,817,1343,2207
1044.59,175,1281,4582
1604.03,621,1026,4515
1167.61,711,1274,2450
140.31,1450,2005,1743
176.07,1737,4044,2338
416.51,2201,2514,2883
-720.63,207,3559,4683
1425.63,2837,3765,3230
-247.53,678,1688,2642
-633.42,2162,4549,2258
810.39,1788,3828,4762
-494.06,1557,1516,3089
1254.63,2896,2509,3658
287.09,312,1452,4025
1474.29,984,4374,2913
-540.13,1273,1372,1750
1492.38,2399,2949,4250
926.70,324,2357,2425
-400.38,1215,3377,1557
-105.17,1303,4921,3873
730.96,2066,3195,3305
-295.46,2669,1335,1536
474.06,1640,4140,3716
810.06,2794,1334,2082
-125.88,1406,1758,3124
1022.09,1912,2191,4604
1163.05,490,2702,3202
1037.37,688,1816,3284
189.60,1216,2901,1683
-631.92,1996,1847,3846
815.13,2044,3246,4865
-248.88,1372,3317,1670
-763.67,2824,1671,3860
729.43,1886,4835,4009
640.05,977,1837,4046
-968.83,1255,4004,1738
-483.12,2974,2911,4549
-604.40,2833,4775,1558
534.70,2328,3728,3818
-557.77,1534,1271,4187
1303.60,2219,2599,4957
175.99,1472,1466,1817
-443.50,1247,3707,3421
-1077.25,2563,2681,3930
-110.86,2449,4770,4012
-338.36,2292,3251,2869
1572.30,2438,2153,4345
167.76,332,1017,3461
-78.55,2099,3554,2088
-822.46,1582,3859,3442
279.78,2913,2771,4355
414.09,1636,4365,1792
1050.25,1959,2621,2498
-931.67,680,4453,1099
1059.83,2369,3854,4600
1483.25,394,1870,4059
549.28,345,1783,2967
35.87,2499,1496,2223
161.55,2524,1956,3267
-1030.81,1939,4175,1792
801.03,2466,4263,4331
459.66,1048,1235,4286
-997.97,1273,4317,1943
-709.24,2348,3783,4903
-146.43,2524,3147,4343
842.17,1314,3687,4283
-667.50,247,4791,2159
587.76,2636,2686,4464
916.05,568,4234,2886
-149.58,1769,1369,2541
1033.05,740,4800,4236
-518.14,1424,1979,2215
-270.44,1686,4593,3863
-803.10,2667,3136,2793
-138.25,2103,4619,3951
-557.07,1509,3577,4020
207.02,2421,2387,4802
865.53,2900,2325,1738
-34.23,1659,1736,2533
360.08,1241,3519,4239
663.55,776,2720,4653
227.03,220,3413,4064
-155.75,1491,1944,4533
165.22,1478,3683,4025
510.00,2076,3913,1791
-797.84,762,3321,3653
2018.89,2875,4724,2471
1900.38,242,1414,1907
529.03,901,1221,1282
-249.23,2328,2603,1521
-11.98,2845,4059,1528
147.05,1711,4073,2810
1749.24,1162,4112,3268
206.25,763,1007,2182
790.43,1794,3168,2883
737.76,500,4287,2351
925.99,849,4400,1783
912.88,594,3018,3001
2109.59,318,4458,2143
1051.18,648,1190,1135
-110.58,1332,1137,3133
-1184.68,1895,3114,3701
1093.44,2686,4285,4380
168.48,353,2150,3762
-192.45,1393,4186,2725
1240.07,2188,3384,3168
-226.89,231,2711,3001
-943.23,2389,2847,3432
694.87,2443,3730,4623
1518.89,2430,1707,1708
798.85,1425,1330,1389
320.83,1794,2895,1379
355.22,1698,4284,1638
2120.35,1979,2799,2467
722.71,272,1529,1441
136.75,1024,1836,3984
1082.84,1480,2319,4461
1010.94,315,1561,4427
-649.79,528,4774,1176
365.38,2387,4426,3178
599.18,2669,1912,2071
52.69,1735,3040,1939
291.55,2437,1372,3932
-668.79,2365,2562,2203
-210.83,2482,4585,2914
974.54,1863,2171,4963
47.81,507,2683,3332
543.68,1744,2945,3658
-440.99,2031,3567,1075
428.74,2449,2996,3821
1707.51,1492,4540,1434
989.52,528,2449,1335
-169.11,181,2603,3940
1530.57,2967,3262,1840
641.64,118,2021,2998
277.44,1266,4190,1535
-469.02,1427,3637,2868
631.99,2610,3146,3476
750.73,1392,3275,2221
1471.24,1603,3498,1280
1106.33,913,2673,1144
-1083.22,1457,2049,1871
-565.04,2177,4559,4713
-35.66,2441,2921,4277
-200.24,2501,3154,2369
88.11,998,4583,4140
1671.22,291,4426,4680
274.51,725,2027,1501
979.03,2451,1734,2898
-476.09,1779,1146,2550
601.48,2982,4155,1870
1269.91,548,2692,4363
-122.57,1790,1419,1401
-293.42,2079,1692,4779
-486.78,2959,1921,3514
151.29,1201,4722,4502
220.20,434,4760,3918
-540.85,171,4733,4203
507.95,2059,3556,4269
758.49,1876,2160,2808
-617.47,110,2757,4606
984.60,2173,4073,3799
-250.76,482,4417,1679
10.99,2524,4047,2111
978.58,1804,3884,2759
998.08,267,3648,2816
-233.28,2213,1334,1546
1796.30,604,4653,4867
372.30,486,1943,1631
-593.48,678,4857,2735
1311.33,2469,3613,3647
143.21,612,1084,3680
663.23,2212,3123,2376
48.18,992,4799,1369
-639.86,2279,2320,3313
539.33,2158,4249,3723
432.78,1825,2302,2668
846.86,1700,1825,3665
257.42,1624,3359,1090
1218.99,1987,1387,4102
1117.25,1944,1605,1102
35.31,231,1541,4492
422.03,1349,2352,4963
400.85,669,2842,4540
38.54,1989,3413,1723
1272.39,1737,2244,4372
-864.20,331,4500,1008
-107.34,2958,2279,4873
1900.80,1825,3063,3864
466.16,1057,1059,1161
359.78,1813,1074,4088
2010.76,2401,3314,1213
1527.79,718,1243,1255
-560.24,1714,1120,1054
831.36,1766,4484,3952
238.29,195,2688,4305
-1261.04,494,4586,3720
798.48,2231,4982,4741
-674.75,1576,2503,2142
-868.39,2113,3173,4941
962.68,2563,4353,3589
898.23,1695,2493,1452
508.41,919,3698,1856
-512.61,2037,1270,3378
-709.06,2837,1588,4703
355.63,1957,4787,3767
-595.07,891,2715,4468
1641.37,2059,3410,4571
218.70,1098,1683,1262
857.94,470,4151,4239
-227.07,1646,2266,2069
668.27,2088,1884,4890
1184.30,929,2509,3667
1266.00,547,4030,1341
-99.74,250,1851,3717
1168.69,658,4742,4288
-361.78,884,2100,2648
1006.01,2343,4421,2402
270.43,667,3938,1749
-554.95,1384,4549,2088
-660.46,1814,3486,4811
662.22,2928,2911,3711
-46.49,1685,2693,2173
-2.88,2382,3817,1974
549.17,1737,2310,4432
642.50,361,4011,3581
159.76,2545,2200,1187
-27.58,1514,2725,3942
252.56,2105,1824,4323
-939.74,2032,3540,1967
320.14,2964,3535,3880
1192.64,1470,1541,4680
-77.26,366,4191,1481
1283.49,1976,3487,3100
1439.41,848,3310,1206
1330.41,245,2165,2907
436.74,967,1935,2178
55.50,2260,1041,3418
1944.59,2035,4497,1629
1141.77,988,1102,1111
1452.03,1187,1863,2421
384.15,355,1124,3676
1920.82,115,4469,4067
152.68,879,1275,1208
348.19,1546,3358,3298
-1140.85,1107,4098,2779
1229.63,2609,4147,4518
-94.77,1132,2272,1863
-79.16,2824,3082,2044
1052.25,2985,2170,2590
337.06,1492,1001,2978
-200.02,1664,3955,1966
-952.80,1467,3465,4386
300.61,2608,4323,3790
874.63,882,3444,3947
267.09,1990,2480,1206
-482.78,1370,3857,2788
-1.74,1735,3346,4870
162.11,896,4520,3789
-286.80,158,4834,4302
-421.14,835,4534,4733
-119.39,1480,4524,4004
217.08,2752,2134,3156
-824.94,1351,3815,3011
549.62,2933,2821,4279
586.01,2974,1026,1835
346.36,780,2085,4583
1213.21,1083,3298,3596
-168.01,2093,1447,1008
-170.73,887,4039,4763
-464.20,1143,4013,4344
150.85,2604,1713,4850
1093.91,944,4017,3733
437.46,243,2309,3802
1192.10,611,3505,3959
1398.04,1148,1685,2511
678.90,1053,1818,1937
392.50,686,4729,1930
1005.83,1612,2228,3553
-305.07,128,4109,2537
653.38,2966,1185,4244
107.92,1982,2386,1970
703.01,1497,3048,3816
-997.59,1722,1783,2861
114.80,2609,3318,4888
-552.12,2889,2602,1766
535.95,2590,2756,4134
948.41,2106,2332,2153
561.26,466,3194,2991
1942.72,1506,2094,3366
922.09,169,1181,2487
639.43,1169,2365,2625
-702.67,1264,3227,2471
-520.14,2726,4972,2212
722.42,2147,3897,3724
37.04,2623,1395,1585
-459.56,2969,2018,2418
1056.44,2149,4289,3163
548.49,280,3520,2684
423.62,104,4429,3635
-867.58,2645,1944,1909
1399.55,1958,4482,4531
-540.33,1377,1940,1243
785.06,2756,1622,4896
75.37,2048,2569,1285
919.93,1729,2391,4135
1882.60,1127,1493,3544
-204.67,112,1081,2863
-433.92,2205,2154,4357
-589.44,1842,3466,4420
-158.23,2995,2808,3480
1410.83,2544,4829,1048
1274.27,1117,2055,1558
-85.88,1135,2126,1865
868.89,2133,3035,3283
534.46,2410,1173,1738
-339.81,141,3404,4597
1222.46,2969,4603,1056
-236.16,921,1078,3405
117.65,2073,2310,4534
222.75,848,4082,3939
-453.81,790,3897,3906
1505.97,2731,4833,1595
5.51,596,1238,2980
163.42,2077,1569,4519
-142.91,1586,1844,4651
-870.84,2595,4693,1043
514.70,2633,4154,3664
-558.34,841,3283,3536
384.26,2509,3026,4036
142.66,1581,4062,1869
1085.99,1887,2978,3091
1231.56,580,1182,4314
649.85,903,3163,1405
-41.02,1945,3038,1419
-222.62,1466,3444,3934
1132.57,1316,4450,3773
123.25,1143,2067,2330
258.13,2195,2487,3077
1254.80,2936,2427,1424
45.85,797,1790,2843
880.52,2355,4455,1133
-747.47,618,1509,4545
353.10,2970,3347,3477
73.59,2633,1311,2749
795.53,1201,3617,3894
1060.48,1996,2320,1585
135.69,983,2626,2290
348.65,2180,2165,3376
1233.75,695,2639,4908
293.95,1162,3031,1068
49.51,621,4981,2950
1164.70,1876,2015,4314
-1285.57,1280,1904,2149
538.67,2874,4318,4317
2158.81,1687,1350,3829
951.84,603,1015,1236
544.92,225,2795,3790
1278.42,673,4720,2361
1771.82,1719,1133,1776
-447.59,1094,1548,1010
148.74,2533,1690,4948
-648.06,958,3639,4078
268.40,1789,4376,4277
273.87,724,2950,4797
-484.91,1276,2850,3902
1975.45,872,4866,4939
-367.50,551,1212,1685
108.42,1344,3894,4690
981.80,2003,4867,1172
-524.64,916,4238,1093
144.86,2304,3037,4287
443.21,2409,3871,1304
1943.85,194,3835,4361
1023.37,134,2493,1284
220.14,725,4254,1291
166.35,1389,1823,4850
1089.72,1664,4348,2097
20.00,298,3390,2678
946.86,918,4952,3270
-143.20,1701,2323,1652
198.98,2602,2137,3489
-79.46,1974,2966,2781
821.62,2585,2318,3155
614.94,1386,3137,1799
-14.34,423,4466,2838
542.38,1909,2637,3848
-76.93,1931,1946,2814
-701.80,726,4381,4447
493.89,1711,4585,4374
1211.80,1181,3164,3112
-13.48,347,4076,1568
-166.64,2189,3105,2901
-1329.65,2218,2681,3714
-1055.64,2594,4866,4416
-640.72,2760,3594,4529
579.10,2851,4905,1871
73.12,2237,1216,2866
122.58,586,3785,4820
-412.12,2691,3394,1331
1365.10,2763,3556,2642
216.24,1553,1839,1132
626.90,2262,1800,3342
691.12,1778,1498,3263
-929.52,1695,2740,2024
-944.00,2708,3104,4716
147.78,2045,4115,4958
-23.31,2010,2238,3570
827.06,2465,3108,2440
497.36,950,2053,3595
-290.66,1422,1165,4598
1097.43,2076,3992,3074
-626.50,818,3787,1355
-1058.43,2338,3956,3647
-515.94,2120,4383,4909
-278.80,1704,4317,4090
1082.38,2670,3976,2005
1282.31,1008,1262,3492
1190.11,1553,2104,1124
220.66,1766,1412,1688
-543.40,1082,2793,4458
898.87,2723,3194,3452
715.88,1096,2959,2252
1287.73,862,1409,4701
-1035.53,1159,2424,1496
1651.58,2969,4295,3426
-174.87,122,3053,1638
912.40,1724,3435,3886
-1476.95,885,2432,3091
-224.54,2700,4532,4989
236.46,2085,3992,2861
1236.30,740,3652,4189
1008.22,460,4221,1156
1520.03,1180,3278,1471
620.19,544,2589,1731
744.70,738,2986,3689
-1087.80,1144,1459,4069
701.15,2681,3947,4425
2052.47,1818,1757,2722
-250.39,641,1096,1408
566.66,2764,1737,3907
1073.77,1347,4645,1178
1185.20,611,3629,1943
57.62,723,2590,2412
-212.96,1756,4876,1751
648.69,827,4741,4328
444.42,2575,1303,1978
703.72,2663,1186,2544
35.98,669,2341,4182
726.98,644,4556,4087
546.90,2217,2163,1550
906.10,699,4689,2339
-1044.14,349,1981,4490
1267.78,2418,4821,3919
-800.34,2160,1006,1151
-627.21,2455,3578,4322
-461.01,1889,4733,3695
1562.01,2070,3022,4525
813.03,794,1464,2246
1365.19,1183,3497,1837
371.57,236,2473,2848
479.22,2205,3288,1549
-375.96,2403,1772,2336
934.22,2643,4902,1452
825.44,422,3298,3011
-925.07,1821,2997,1154
813.71,2992,3955,3383
1121.63,195,3606,3475
276.88,2053,1275,1517
542.84,1245,4958,1921
289.38,939,3541,3031
-516.47,624,4038,3865
-763.66,2918,4923,1365
899.38,2987,1862,4923
-92.62,1507,1463,2963
-391.51,1991,2571,4000
1034.45,2098,3998,3330
-22.73,314,4804,1455
-363.28,1548,3894,3302
-398.03,1100,4067,4942
1594.95,2914,1809,4013
-661.07,624,2034,1900
316.99,2248,2970,4857
1133.84,2107,2360,2777
29.31,281,4596,1417
717.94,2300,1667,3960
407.72,965,2941,3040
6.05,1871,2066,3206
22.30,485,4556,4457
376.55,1336,3085,4320
940.40,2080,2668,2351
807.78,1401,2555,1978
26.15,878,3905,1999
460.43,984,3756,4285
1807.83,2295,2894,1504
1538.88,133,3110,1098
106.58,178,1677,3198
333.26,2461,3215,1957
-724.55,705,3853,3769
391.06,2590,2938,4473
1234.32,2191,2805,1980
-1102.95,751,2094,2693
-343.39,2372,4158,4813
1425.05,2960,3291,2344
-423.24,1378,1233,1845
873.95,1751,4533,3523
1116.76,191,2763,4113
522.51,774,1320,3747
419.59,1366,4047,1851
-1280.96,1287,4713,1657
447.17,2782,3884,4883
300.90,653,3197,4152
1297.44,1776,1646,4096
1396.49,708,2255,2426
1398.17,440,1268,3553
-32.38,386,2400,2555
936.11,273,4531,4970
-560.85,375,3522,2873
-451.71,2383,2403,4865
750.73,2679,2665,3765
-813.12,655,2689,3732
1751.78,2366,3259,4824
-334.30,393,1685,2176
-362.06,2920,1020,4571
-347.99,2228,4449,2579
212.87,1746,2911,4867
1217.48,858,3939,3775
-85.80,132,4912,1127
731.60,1408,3343,4267
1543.45,1309,2869,2461
280.55,1266,1678,1262
-427.59,2538,2062,2411
1754.92,2747,1575,4621
1920.97,324,2918,1103
-301.99,189,1038,2654
-219.95,1303,3528,4919
307.96,2456,1342,4740
409.55,530,3477,4515
666.99,397,4410,3550
1640.36,1807,1906,2700
844.24,414,2125,2048
88.27,1834,1544,2472
686.85,516,4448,4261
1122.90,562,4436,2407
787.10,1460,1756,2098
-280.25,315,1961,4924
692.97,2176,3308,3524
-1014.91,1531,2555,2486
497.66,2465,3683,4843
1559.54,562,3425,3943
1019.68,558,2628,1551
953.15,608,1773,3894
1741.03,391,3030,3267
-293.93,177,2191,2103
358.50,1944,3633,3662
1287.41,344,4390,3815
397.14,395,1537,3699
1076.32,1464,4549,1569
-41.87,1052,1486,3217
982.84,538,4757,4313
1283.85,866,4181,1233
377.11,355,2646,2714
1061.68,450,4459,3506
-135.29,616,3442,2150
1061.01,1871,3009,3918
352.93,221,3583,2714
-877.89,2192,1173,3661
1022.04,2423,4468,3754
1337.96,540,4522,1364
-830.97,1596,1529,1435
-212.26,2631,4940,2793
1539.34,1207,4953,3451
378.13,961,1162,2309
-226.86,313,3450,4715
-423.76,2444,3631,2581
1050.22,1391,4006,4667
-177.76,1127,3605,1125
-376.65,2229,2195,4195
355.65,1370,4793,3807
909.85,1307,1826,4588
459.62,1903,2489,1246
405.92,1645,2315,3211
-626.15,1469,3615,2432
306.08,1587,4884,4080
821.30,735,3670,3973
395.68,2117,1191,2380
1218.21,1050,4718,2142
1617.26,401,3855,1666
614.30,124,3422,1382
357.03,1665,2974,2081
1316.82,548,4335,3512
-722.69,462,1355,3668
2098.68,2913,3041,3798
856.55,139,1802,1478
542.76,2294,1909,1272
-700.65,2859,1090,1997
145.03,2269,3751,4187
-989.53,1270,4883,2342
-262.05,2408,4850,3746
136.98,1880,2621,4653
-933.98,1867,3049,3075
1060.65,2170,4935,3919
860.62,283,2971,3194
-152.81,733,4695,1338
760.33,1409,3525,4290
-656.66,1092,4203,1476
-62.40,1741,4521,4248
224.74,2911,3241,1641
-779.24,1997,1445,4126
799.29,2447,4350,3531
-216.59,367,3367,3444
1102.10,784,4981,4184
-253.36,1393,2370,1688
612.89,2290,2854,3679
1312.59,1627,2551,2559
1016.28,398,1261,3884
-285.81,1132,3518,1301
1184.21,2347,3890,2679
417.74,154,3114,2916
215.10,1390,1636,4439
231.91,1441,3297,3356
-255.84,1890,4699,1165
683.89,1517,3307,4616
377.78,2207,1226,2597
360.13,935,2553,4480
11.81,2588,2154,1997
1632.73,1386,4124,3264
840.49,192,3376,1260
399.06,1244,2864,2256
218.45,909,4720,2379
-179.98,2110,2504,2927
681.91,2282,3233,3110
484.02,2112,2402,1640
696.71,1061,3466,3063
1764.04,1225,2678,2897
2.52,897,1935,1009
1070.54,2227,4034,1893
535.38,1080,2789,1932
-603.95,1302,3173,2766
113.51,2493,2917,4305
1611.32,1554,3601,3167
1885.75,987,1953,1288
-569.23,273,1203,2452
904.94,1826,3917,4418
381.39,1111,3363,1819
701.91,2446,2195,2145
32.14,672,3454,3112
1097.51,2775,2868,1958
-853.44,575,4075,1507
-838.13,2752,3765,3776
1622.24,1938,4468,4492
1084.05,493,2683,1426
1184.44,1642,1616,2027
-336.47,111,3730,2399
-771.09,1967,3965,3429
524.52,2169,3684,4638
-808.15,2099,1776,2734
45.41,2975,2982,4000
391.13,1757,4367,2275
922.63,2205,2310,2431
-935.54,1424,2182,2349
-194.47,1609,4847,4999
687.16,2259,3964,2491
1587.14,968,4953,1192
-497.67,400,1441,2889
275.33,2449,3620,3390
342.60,1702,3724,2305
327.60,2314,1008,3635
1408.76,1478,3574,2689
1246.68,518,1484,3171
722.94,615,2448,2556
-720.76,181,4792,2630
-7.88,2484,4445,3200
-392.31,1835,3845,2798
-215.95,2932,2376,3419
776.53,2721,2041,3588
-9.59,2438,1047,2085
1000.30,1261,4862,2839
-63.24,216,2706,3747
-867.70,2196,3547,2612
81.27,2348,3532,4756
136.56,1475,3663,3343
336.94,634,3419,4898
799.87,2564,2244,2022
-327.73,1636,3518,1056
13.34,2333,2315,4343
1340.94,2375,4647,1010
-15.20,281,2659,2662
962.56,2251,1350,4484
398.47,101,2457,4302
-742.72,539,4196,3538
994.16,2519,2612,4966
1457.62,1218,1233,3412
834.13,309,3548,1410
471.31,1400,1399,3408
544.01,1215,4792,1554
-384.99,1616,3699,1680
781.91,2050,4223,3179
230.05,1911,1601,2467
-1075.40,1678,2651,3514
668.28,2611,4682,3805
815.51,1512,1410,3694
128.95,1170,2964,2365
1489.82,1331,4878,2287
-587.95,573,2516,1840
924.31,2707,2232,4538
1317.54,1746,1862,2083
129.29,1069,1748,2216
102.52,1687,2224,4209
153.19,1141,3416,4107
420.77,627,4488,3833
-146.10,210,4337,3917
-660.90,1706,2526,4706
1203.55,2843,1836,4896
730.14,109,1691,4306
-113.05,430,3837,3087
1285.03,586,4435,4750
1126.73,646,1282,3508
1036.34,1489,2421,1396
649.46,694,4252,1309
-556.12,187,3094,4471
92.79,2317,2651,4729
-459.64,1021,3470,4296
609.57,1712,3511,4683
-218.87,292,4275,3269
-618.91,2613,2912,2950
-938.89,2463,3447,3893
469.45,2381,3456,4983
495.97,724,2751,4389
-305.79,256,4633,3327
-793.11,2642,4082,2033
-426.81,2747,4881,2532
1155.91,2376,3005,3899
1090.80,640,1555,3641
134.19,935,2019,2868
1958.92,1769,2572,3715
148.57,296,1378,2025
410.43,1723,1940,4361
1125.10,1691,3109,2513
-111.12,806,3613,1461
938.21,548,4452,4795
1366.86,1243,1113,3650
716.35,1081,1649,2143
1314.87,239,4968,2378
-1211.06,331,3998,1364
-677.97,2504,4362,4706
-274.23,1967,3680,4721
573.53,2664,4132,1852
797.16,962,4011,2447
-387.43,2516,1598,1356
151.95,2583,1629,4739
-297.85,922,4158,3633
920.92,1445,4984,3256
-755.89,1244,1041,3769
38.02,1854,4982,3901
-466.19,1243,2660,4846
1045.23,2416,3842,3141
-651.22,415,2041,3901
552.30,2997,3544,2953
258.10,336,4327,3312
-919.65,2734,2743,1477
-735.56,2803,4769,2918
1043.45,2105,4771,3600
-48.01,1492,2059,1987
-217.53,1543,3889,3391
-228.60,2599,4683,1268
314.23,2646,4398,1492
-477.40,188,4222,4384
73.88,2583,4141,2592
252.11,1434,4586,2550
543.39,1448,1784,4688
-653.99,2074,3180,1372
419.38,2401,3601,3959
914.94,947,3129,3781
1602.46,1845,1315,2462
-429.73,1185,1233,1657
406.98,2833,1406,4638
-715.60,1477,3363,2657
294.18,1859,4617,4123
-256.43,2668,1601,2584
44.51,2393,2614,3737
-192.16,2242,1638,4045
600.77,1941,2259,4685
538.35,433,4529,2802
-1214.36,1519,1515,3968
-426.18,2372,4830,4499
-894.31,2568,2537,4008
925.68,2538,4965,3122
-350.55,307,4503,2081
-520.50,2088,3984,3239
-657.97,2269,4374,3051
1280.70,2825,2639,4147
-566.76,156,3455,2297
-217.76,2323,3167,4254
466.74,2279,3365,3101
-28.17,2376,2268,1944
889.52,2643,3883,1395
193.83,1179,2017,3039
-113.99,2154,4199,1293
1185.84,1767,2148,4866
352.02,1759,1773,1366
778.02,1636,3466,2441
677.89,704,4865,1472
998.91,1712,2781,1994
1415.05,1833,1681,1881
117.01,804,2595,1579
746.30,812,3239,4815
-845.09,438,2496,4314
301.23,2358,3196,4994
1082.95,2125,3341,1849
750.75,258,1967,4137
1700.53,2445,1060,2137
53.82,1334,1168,1164
508.05,2199,2230,3524
-193.74,464,4279,3264
408.90,2913,1685,3525
77.12,1273,1922,4397
992.07,2231,3890,1802
-1041.89,246,2510,3907
987.17,2971,3791,3926
-243.39,189,2555,3979
746.84,2199,4307,2413
589.31,510,4228,2520
-430.38,1450,4474,1093
-1496.11,2561,4564,2084
-68.09,2979,4418,4663
154.26,1503,3046,4332
555.41,2950,2533,1607
1192.29,852,3900,2802
746.67,135,3387,2663
-770.31,1457,1761,3220
1078.58,2959,3178,3727
100.87,1143,1809,2739
453.57,861,3769,4267
-229.92,921,1961,4848
547.74,2486,2413,3687
-777.36,2077,3472,1073
382.23,2385,4301,3682
1106.44,498,2981,4827
-1194.36,1404,1471,2520
950.56,2619,4514,4307
-310.96,784,3843,1799
456.70,2348,4637,2034
-191.05,1827,1633,3554
-406.43,2633,4397,1404
689.57,1971,2889,4665
-866.87,1440,2611,2603
618.57,2988,2513,4603
481.54,1134,1546,4379
-142.79,1046,4611,1996
-489.49,2361,2179,3873
-58.04,2420,4481,2589
-71.49,1889,1791,4827
526.38,1877,4638,2151
185.70,1645,3093,2264
1067.71,774,3360,4561
-395.97,1124,1784,2829
708.27,2662,4381,1979
697.02,1718,3356,1340
-302.49,310,3665,3563
62.57,2107,4576,2493
42.77,2542,3056,2098
1068.78,2671,1909,3032
546.41,119,1637,4742
114.05,1658,3007,2264
256.32,1600,4687,2040
-353.51,1074,2927,4237
-222.14,1022,4440,4692
982.38,2577,1502,4379
1108.01,2056,1099,2096
-964.49,137,2590,3677
865.09,2643,4582,3514
1992.79,2042,2439,1182
289.72,220,1423,2015
986.07,1042,4589,2596
968.35,1121,1430,3418
41.70,1856,1954,1669
60.25,1430,3730,3476
667.46,1405,2332,4809
1045.37,507,2414,4506
558.18,371,3512,2564
-32.04,2621,1107,2355
1784.21,1057,4001,4094
-379.33,398,2243,1534
-876.57,2262,3711,3280
-598.23,2734,3746,3895
1188.11,2275,3437,4173
1215.71,456,3865,1649
998.06,835,2609,2105
-137.75,2470,1225,1197
-52.01,2300,4340,1888
-468.04,837,4778,3795
758.13,2020,2886,4765
1410.17,308,4122,2945
486.42,699,2726,1653
-214.34,962,4798,1950
771.57,2997,3422,1768
1817.11,245,3105,3994
1578.05,140,3085,1082
1621.63,1356,1447,1222
-512.91,179,3452,1243
800.70,2993,3757,2343
254.61,962,2458,3263
-486.97,1124,3607,3500
226.69,2239,3102,4227
1047.62,2559,1765,2820
115.68,717,2520,2900
883.16,1044,3129,4515
249.45,728,2161,3716
661.00,2266,3462,1638
-532.78,1732,1898,2858
1693.02,2663,3627,3110
-348.69,1053,1177,1674
-714.37,2484,3851,2662
110.27,2496,4270,3328
-1309.86,2597,1767,3098
1250.85,2900,4565,4106
1859.80,130,3769,2130
509.97,377,1263,2288
202.50,2001,2413,2338
457.31,2707,2939,1502
-360.71,1533,4684,1138
445.74,2990,3015,2608
1167.17,1664,1463,4038
-0.88,321,2702,3068
143.85,1120,4965,2963
326.15,1642,2092,4372
570.01,1456,3414,2886
1100.23,391,3754,3713
-753.19,1983,1186,1790
105.19,2907,4273,2715
-294.71,2422,2255,2953
-352.05,1468,4023,4130
-682.18,2489,4806,1745
434.36,2654,2713,4450
1352.90,1506,1101,4699
-505.21,187,4440,1080
295.62,2880,3145,3108
-1007.55,1286,3460,3233
1228.81,2196,3991,5000
15.04,1455,2349,1221
139.52,2416,1572,3889
178.80,458,3912,4726
258.37,2434,1752,3196
394.21,1090,3118,4019
-285.59,211,4353,3979
-401.66,2156,4288,2633
275.83,1984,4684,2902
1492.66,2187,3595,1571
-29.45,1296,1823,1221
-475.18,1665,3053,3924
464.41,2746,1403,4930
430.80,1684,1333,4072
-926.97,1903,3813,1401
-1063.87,2929,3698,3747
794.51,2942,4291,3562
1642.72,1508,2661,2122
-154.02,215,3282,1280
1131.94,1421,3436,4358
-427.81,744,2339,2775
1307.22,2815,1249,4815
-200.18,995,1866,2264
-1090.25,2173,2436,4129
1144.92,2792,3810,4368
-1096.71,1067,1434,3036
-706.85,2478,4957,3839
1361.06,2778,2361,4643
690.53,842,2574,1693
24.34,1186,1166,4438
1180.46,648,4981,3706
-94.27,145,3397,2671
462.44,1141,3219,4883
281.04,399,4441,3359
-238.15,2295,2278,2631
942.11,2635,2714,3159
468.95,374,4511,1906
1662.83,2942,1130,2032
-206.35,463,2735,1308
81.59,1326,4895,3279
30.14,781,3282,4934
811.83,1374,2397,4891
284.15,2080,1488,2188
815.03,1298,2500,4169
319.67,438,4361,2316
509.95,386,4842,3422
-733.66,1023,1603,4844
529.46,2999,4343,2427
1704.79,1711,2853,2369
-90.85,430,1666,2269
689.90,1166,4499,3598
441.20,499,3082,3811
918.92,487,3691,3988
111.78,1517,2369,2016
345.80,2115,3876,1917
-176.32,399,3982,4148
724.72,2650,4447,1282
629.32,914,1647,4354
-285.60,2684,2075,1101
1078.85,1715,2995,4655
1230.46,765,1556,3649
569.88,568,4074,1124
584.17,2236,2040,2103
-564.49,2046,2923,1547
-1018.47,1480,4957,4015
365.51,2950,3343,4324
737.35,1469,4978,1242
-258.64,1225,1359,4044
-222.72,1804,2412,4978
268.65,1299,4416,3836
290.73,2142,2119,3091
981.90,2219,3178,1871
-314.90,689,2926,2755
1544.40,1360,4622,3805
283.54,868,1262,2362
838.75,1594,3899,2303
184.35,1212,3183,2011
1600.02,1783,3772,2387
172.38,556,1594,2428
334.52,2016,4234,1567
289.72,786,4133,3353
1396.58,1846,2873,2826
-178.75,1234,2163,1290
612.60,2134,2799,3785
916.53,2625,2074,1256
-780.64,592,1494,4498
827.75,2887,4451,2661
475.77,2369,1743,1385
678.64,2226,2320,2132
-281.59,1905,1148,3221
1343.71,2554,4179,2023
-246.03,990,1838,2191
1887.06,994,4750,4123
132.70,419,1456,1947
-896.99,2207,3612,1946
515.90,2516,4554,3564
-66.07,1466,2461,3219
384.76,1406,4725,2883
-559.97,575,3903,3797
1531.13,2722,4487,2260
235.64,634,2201,1912
-232.21,1889,2788,2993
-295.98,2962,1733,3507
284.04,2550,4855,1423
248.63,1742,2183,3690
470.86,2193,3660,1579
-531.32,1665,1039,4369
-173.12,2688,3303,3373
292.74,1553,4401,3254
1299.20,1941,1414,4052
356.43,1213,1297,2450
639.98,1887,1920,3471
-1185.98,1951,1745,2681
-538.74,2242,4934,4544
99.75,1530,4025,4746
62.62,2179,3361,2335
695.31,1967,4994,1250
-431.79,2157,1842,2059
289.12,2613,2686,3802
-745.89,2796,1756,2224
-254.64,2065,3618,4810
1357.36,1881,2332,4907
-597.44,388,1671,3374
246.33,2166,2811,4965
-1014.90,1585,2036,4221
-403.86,2839,2918,4918
202.70,2946,3629,2224
1346.88,1207,4303,2839
710.11,162,1506,3963
-699.79,829,2616,3616
954.55,2055,4702,3648
-158.51,362,1498,4787
1387.70,2364,2164,3929
-342.50,882,1797,2290
-1366.15,2282,2702,4105
484.77,2939,4645,4128
541.52,1363,3040,2937
-321.44,2644,1417,2066
454.65,1300,3728,4790
-1133.24,814,4562,2533
224.18,2674,4860,3695
396.70,1987,3720,1958
33.75,2124,1001,3816
2298.74,2138,2423,3506
-402.90,203,1423,1133
-191.32,1339,4041,4663
322.16,1020,4672,3989
1345.42,655,3142,4574
-213.52,577,2947,1849
-125.08,2670,4095,1696
1517.26,1674,4554,2750
878.99,306,3509,1275
-243.93,2149,1411,1940
1138.70,2159,2147,4562
123.39,1324,1183,2842
224.54,543,4068,4474
1312.48,1452,2222,4342
288.43,670,3519,1233
890.62,1990,1873,3537
-989.11,692,4202,1795
684.67,2700,3447,4578
-983.35,1883,1255,3139
235.70,2750,4964,3014
306.17,1887,4829,1034
16.46,928,4944,2407
106.77,2463,3939,1526
643.45,2135,2640,3085
-1005.71,1270,4643,1087
110.68,2742,4581,3463
-742.75,1322,4765,2466
1552.27,1922,3691,4983
698.70,1426,1441,1181
876.82,2540,1543,1660
532.39,951,3016,2519
417.52,1001,3939,2570
764.90,1052,3826,2931
-270.30,1004,4831,1014
-813.35,2726,3437,2399
640.23,2227,4163,4201
164.63,2924,1358,1334
-232.41,2072,2490,3168
1026.31,2430,4973,1332
267.87,555,4761,1095
903.50,1516,1396,4894
412.79,735,3900,1971
-479.47,280,4670,3497
772.87,2990,1925,4010
-801.49,822,4996,1153
1092.97,2665,2733,4767
1874.26,1573,1142,2578
125.48,321,2021,1615
899.05,722,4285,3943
-588.67,361,2972,3537
640.86,1981,4145,3983
1414.97,1536,4021,1223
-21.05,1158,2464,1080
1403.45,2827,3758,1169
805.02,600,1380,3142
-79.06,974,2149,3526
684.54,1884,1727,4960
272.27,871,3186,3070
144.33,831,4650,2962
1636.74,2758,3372,1169
-202.57,109,1154,3531
-63.81,2446,2773,3330
-91.01,2635,2758,2597
-39.61,1456,3738,3818
43.63,2479,1607,3907
1114.33,2367,1512,3948
385.03,200,3060,3095
1077.64,2362,3298,1222
1549.72,2362,1342,1038
1316.72,1251,1735,1215
-177.45,803,2858,1621
-457.69,2905,2137,3056
964.83,1155,4397,4809
-185.10,2084,1751,1472
108.73,2077,2317,4368
-160.58,277,4627,4450
454.99,2042,4348,2404
-556.79,923,2604,4222
294.14,1377,4933,4197
605.04,2425,1023,3569
88.66,2290,1992,1949
566.99,1952,3051,3067
138.64,1273,1461,4369
1235.23,1487,2501,4268
1467.35,1185,1475,2519
1012.80,1411,1191,1701
723.10,227,4566,1902
554.29,239,4141,3153
734.11,862,4998,1732
128.29,2372,1228,2154
1225.38,1153,4688,2786
-845.82,1470,1967,1572
-115.55,2719,3984,3601
-934.44,1775,2965,4071
-671.23,2302,4851,3768
104.72,2604,2644,4572
486.92,656,4792,3634
812.48,1227,1904,4263
294.79,1229,1671,3513
945.73,2204,2130,2893
1245.11,1838,2104,1624
1099.30,1303,1601,2160
805.41,1816,2180,1132
965.72,1099,1835,3606
-690.31,464,1224,4837
6.50,2721,2689,4379
1016.25,1630,4593,2398
1594.62,712,1992,3510
261.90,113,2880,1990
1499.29,683,4694,3212
416.49,756,1099,2851
207.04,1252,1728,4598
62.73,1190,4405,2758
-695.28,976,3598,4342
184.61,2244,4448,3545
-325.01,1056,3276,4147
504.27,1746,4792,2990
132.90,1536,2901,2707
449.55,2193,1170,4318
790.16,2097,2243,2512
598.15,2113,1765,1928
696.95,184,2854,4860
203.58,1898,2192,2175
1136.67,1930,4030,1822
1819.60,404,1863,3819
-974.59,728,1757,1313
374.29,2701,3656,4332
-53.19,1098,4251,2570
359.01,779,3949,4698
767.79,1044,2100,4779
500.27,203,4495,2743
758.77,742,4973,2129
-683.33,901,2232,3713
-650.63,2572,4056,3307
-367.75,2910,1860,4724
417.93,1571,3249,4910
-466.12,132,4150,4243
-427.23,2240,4034,3267
-110.74,2212,4539,2715
1762.25,1694,4270,2945
609.50,160,1834,2413
622.04,2408,2477,1261
246.37,683,1802,4919
-524.10,649,3570,4399
-216.32,2032,4185,3662
702.55,1789,3415,3914
306.81,1205,3459,2164
99.27,1935,4407,1143
-39.03,1622,2865,3797
783.75,1625,3593,3504
-276.79,1963,2958,1065
300.41,1868,3188,4173
-273.27,1401,2120,4304
161.03,2008,3726,3398
452.67,728,3417,4661
-425.27,2584,2693,1210
495.66,2694,3451,2904
381.64,810,2102,4783
269.72,453,3001,4889
1451.50,1362,1929,4648
-115.93,611,3291,1142
280.53,2350,2247,3747
38.58,2879,2741,1156
345.46,2565,3889,1328
1297.59,1732,1364,4312
863.23,1482,1122,2148
1991.46,1322,3163,1763
-57.15,223,1899,1556
942.31,2923,2303,2506
419.79,1366,1566,2985
839.98,1342,2267,3911
-70.07,544,3182,3188
-945.37,2298,1803,4129
-496.85,2979,2879,4501
-330.44,2733,2089,4358
-504.89,1778,4852,2892
655.09,2025,3975,3819
241.22,831,2759,3639
1928.93,2227,3140,2041
522.31,148,2188,1597
1490.40,1420,3781,2012
-673.00,500,2718,1773
121.33,1408,4656,4755
-126.52,846,3912,4095
505.22,2443,4652,1302
1396.81,861,2558,4226
569.40,1065,2169,1582
575.55,1651,1091,4050
463.57,861,3846,2778
326.13,483,4693,2965
116.63,1340,2015,4436
256.11,2216,4494,1130
1316.53,268,4379,4265
-80.96,2111,1052,1048
13.00,1260,2877,4962
1856.79,1897,3475,2982
697.38,537,1408,1875
789.39,557,4684,2146
-82.41,2315,1595,1737
709.21,2589,3882,1653
46.39,760,4081,2332
-102.36,2681,2803,2144
159.73,961,4438,4053
331.25,1444,2084,4682
638.51,1273,3492,3119
0.49,846,2009,4383
-399.83,2022,4888,1440
-148.96,2149,3927,3333
394.26,2822,3314,1986
-199.36,903,4255,2851
-134.57,2754,1281,4211
-512.90,2238,3068,3211
-472.89,1928,4982,3046
2118.82,2627,3937,2697
2091.09,355,1763,1074
1983.05,199,1499,1686
-202.91,320,2087,1229
211.94,2241,2227,4218
51.63,1291,2588,4312
1994.27,2013,2152,3934
-226.50,606,1348,1401
1167.39,2375,1509,4742
-881.14,700,3921,1226
240.93,1910,4633,4511
148.52,1700,3151,2962
1692.23,2461,1944,3054
1191.67,224,1582,2751
-750.75,1857,1914,1040
1465.21,2656,3780,3625
-548.67,535,3360,1169
109.75,2513,2063,4926
373.89,2958,3116,1165
-384.99,2208,3086,1731
-574.26,2457,1856,4736
898.96,2609,2070,4826
649.45,981,4157,1303
120.26,2811,1693,1184
482.55,518,3900,4689
409.06,1269,3491,2676
-164.10,1849,3938,1441
314.87,2255,3276,3069
-183.02,1037,3373,3699
45.30,908,4385,4438
112.08,1969,2111,4070
57.49,2854,2993,1460
1888.19,342,4369,4736
-188.94,464,2256,1095
149.33,2970,3397,1764
824.21,1246,4609,2635
161.36,1396,2965,1939
1734.64,1411,4797,2127
-342.38,619,1504,2002
1513.51,1207,4463,4310
-265.14,1304,1623,1337
2140.10,1432,3285,4815
24.72,492,1176,1333
438.30,1203,4028,3641
1519.05,1440,3000,2978
813.91,582,2127,2111
1894.28,452,3748,2884
1574.88,385,1884,1574
1083.01,299,2585,2004
-300.05,609,3967,1594
652.75,2542,2020,4175
784.56,2358,1196,2452
1448.51,748,4507,1719
-114.52,651,2298,2035
697.83,2756,4069,1274
655.95,227,4465,2938
1198.22,1367,3983,1513
1293.03,582,3597,1654
1169.98,404,1087,4099
-78.06,1787,1492,1634
-43.83,2905,1210,3651
1256.07,2206,1874,4145
708.22,2030,1045,1378
575.91,114,3022,4494
-520.25,2718,2278,1005
-745.44,2460,2871,4158
1919.29,2415,4616,3231
-52.21,201,2107,1610
-71.97,1916,4543,2116
380.27,892,4561,3966
-208.88,793,2907,4383
-747.18,2992,1046,4045
-451.07,1717,4152,4915
-1069.66,2672,4184,2315
336.00,2798,4458,3673
-378.90,1850,1395,4102
-195.18,2878,2210,3634
422.39,1147,4199,4231
411.10,840,4997,2165
456.43,170,3443,4876
30.68,1059,3498,3118
443.71,2115,1625,4323
293.96,1039,4063,2648
417.18,1104,3606,3419
-548.98,1663,4398,1303
-73.35,2758,1538,4999
1199.22,2119,3881,2457
480.13,1414,1996,1721
336.44,1202,2050,4187
272.26,1434,2605,3672
580.80,2211,2784,2319
1300.82,2869,1947,1042
795.46,572,3160,1786
288.14,370,4064,2780
557.68,2417,1801,2853
-1153.61,2578,1822,1745
588.54,2352,4253,4908
547.60,1814,3191,1686
-598.80,2583,1635,1946
154.68,2896,2451,4026
-520.05,1189,2515,4733
47.69,1456,4285,4571
1713.02,1174,2919,4690
1222.98,828,1132,2055
738.84,1261,1779,2129
21.36,1949,2476,1687
-1052.51,983,3365,4677
-91.02,2017,4740,4730
-275.21,1830,3231,3645
192.25,2524,2364,3802
50.96,895,4948,2801
74.69,2011,2216,3878
225.40,2088,2702,3204
888.18,1086,4484,2811
341.25,392,4304,2234
-462.38,742,3312,4200
879.04,934,4831,4796
75.73,495,4036,2337
224.04,1063,2959,4764
1434.51,1369,3751,3020
1457.00,1168,2228,1231
1125.15,574,1684,2736
104.38,1781,1953,1335
285.35,1501,2257,4580
1159.73,1581,2509,3657
24.19,1789,1984,1188
1260.92,2129,4541,1514
1020.79,836,1819,2728
553.25,1224,1103,3447
415.61,2400,2404,1513
1192.90,2536,2946,1162
1062.27,1486,2601,1031
782.25,259,3060,3146
-272.39,555,2049,4430
156.84,2727,3399,2440
-479.07,2103,1336,4246
-369.88,2195,2838,4535
-199.34,2680,4655,1606
-79.84,2906,2566,2707
204.61,1750,2013,4924
390.83,504,4074,4295
819.77,1127,3668,3030
-896.17,1115,2667,2735
914.02,2817,3257,4277
409.86,730,1474,4281
-515.26,904,4937,2147
-154.75,2121,2798,4812
-542.47,1172,4658,3625
-125.66,2653,4417,2397
172.41,2031,3898,2752
147.29,2491,1716,3149
409.34,2970,2236,1878
-101.71,2618,1341,2579
-59.20,510,4891,4412
1347.36,2861,1094,3784
903.21,171,2422,3065
108.75,1331,3762,1052
-467.97,1853,3104,3131
-340.33,2936,2260,3749
1456.50,2643,1431,4683
260.89,909,2050,1794
917.12,1597,2544,3668
-758.21,1556,1733,2564
575.17,2415,4329,3545
-593.48,342,4139,3414
1041.76,2683,4519,2398
-815.06,1896,1681,1642
279.10,2327,4799,3418
1088.69,2232,2978,2075
422.63,2319,1030,1381
-79.00,2724,1829,1883
262.47,2311,3550,2453
-207.68,2089,1496,3802
324.69,1882,2948,4173
437.99,559,3843,4062
132.24,2051,1654,3194
643.02,2444,3409,1724
-203.38,735,2071,4506
937.42,841,4022,4966
-633.88,489,1789,4334
71.93,2187,4976,2955
287.42,1944,3181,3006
-344.62,1241,4967,1888
-236.95,2132,2670,4407
-427.23,2886,1854,3539
-850.62,1709,4505,3636
151.27,1570,4880,4783
390.11,1742,2085,4180
-81.17,2909,2420,1085
286.48,1862,2579,4186
725.74,2278,3036,1916
978.73,1559,2507,2385
-336.00,843,1382,3977
577.99,1702,4910,2987
135.51,779,3339,3403
121.82,795,4695,3390
-907.04,1947,1209,4748
1131.31,2307,4864,3665
1147.69,780,1371,3644
-245.74,1312,1302,2722
909.99,2488,3123,3048
-127.88,183,2122,4636
-78.89,1261,4120,3905
1113.05,1171,4849,3217
435.59,1318,1052,3055
1014.35,747,2483,4707
-182.61,2506,1073,1231
-512.10,2849,1429,3851
681.75,2955,1923,4171
1114.22,415,2235,4798
1386.91,1546,2353,1398
15.53,592,1758,2842
-547.03,2591,2882,2319
937.69,2743,3285,3340
1320.19,1653,1438,2615
-202.48,397,3100,2095
338.55,1229,4953,3383
-34.67,2355,2885,1770
-60.15,1413,3427,4025
-1228.52,2291,3157,2810
123.91,2846,4023,4480
2266.34,2205,4371,1246
323.47,239,1578,1017
377.87,1880,2034,3472
454.98,1629,4885,1012
-349.10,1810,1577,3643
221.96,2705,4242,1897
1103.93,2097,4282,1230
2015.65,1336,2676,1489
580.73,395,1947,1134
750.96,2663,2181,1181
65.92,2244,1207,2350
-264.05,2238,1165,4443
-576.20,2748,2749,3003
-149.52,2805,3688,2930
951.49,565,4881,4467
-946.66,1620,3043,1089
1737.21,2456,4865,3519
1283.23,835,1741,1385
1137.82,702,1140,3551
404.29,111,2926,3311
142.64,1374,4247,1997
795.61,1672,3555,2916
415.71,1798,2049,2195
503.36,261,4882,3318
511.51,1301,3038,2993
-452.34,927,1865,4757
96.45,2083,4652,2909
-213.19,925,4881,3098
131.66,2608,1747,4062
510.66,2172,2265,3306
-1176.15,683,2347,4727
1668.51,2205,4622,4880
1422.07,102,3109,1569
433.00,709,1276,2994
720.01,2388,2258,2033
128.66,1287,1068,4266
-284.32,2559,2564,2344
268.93,2710,3903,2021
784.56,1982,2930,2593
1467.97,998,2756,2961
381.40,231,3525,1539
1147.24,2533,1901,2274
1085.70,402,3912,1821
675.92,1199,3291,1194
184.25,369,3439,3739
661.36,1351,2339,4528
371.32,1194,3116,2636
1669.80,643,4656,2993
557.52,400,2022,2084
1168.29,1678,1513,3632
-128.23,522,1698,3675
-484.31,2102,4332,2217
1024.70,2874,3526,2690
1642.06,1084,2437,2400
-4.54,391,1566,2621
731.25,1096,4594,3373
-127.22,616,3287,3284
413.04,2983,3369,1584
1356.05,2610,1494,2435
774.39,1038,2216,1706
1977.88,1355,1385,3679
474.05,446,1493,1593
-1089.96,2445,2388,1685
112.88,1960,4732,4950
-824.02,1498,4256,2638
641.62,2890,4450,2786
308.75,156,3999,3679
88.45,1969,2093,3302
691.60,147,4600,4766
51.56,1392,1062,4171
-350.52,686,4365,4150
-135.73,1421,4792,3640
372.62,1966,1724,4987
1209.65,1599,2378,3491
-659.89,850,2750,1961
679.16,2717,4521,2534
532.40,1513,2816,2308
284.04,1385,1090,4631
1737.11,1785,4387,1495
1161.84,750,1964,1321
-150.17,1413,1991,1839
0.28,2622,4253,1440
-754.08,2556,3498,1834
857.10,2725,3259,4014
-665.62,1384,2442,2365
-504.53,2366,4730,2970
886.36,970,4959,4735
-70.09,1077,3326,1970
867.19,1313,3733,4013
418.41,1016,4419,1084
1316.13,2508,1828,2278
-328.97,823,2354,2072
878.93,1056,4290,4703
-658.34,365,2222,4311
-781.16,2607,2792,4386
800.44,2672,3303,4146
452.36,566,1495,4889
854.68,790,3545,3560
1381.28,424,3698,2860
-1086.25,103,3720,1836
-593.41,2356,4146,4803
-504.98,2715,2332,4444
1269.60,1401,4046,4853
1133.75,792,1045,3524
623.66,633,1726,3555
-426.24,1342,3064,2537
-31.48,2329,4476,2566
1027.58,1759,2248,4538
37.03,824,2655,2641
610.06,2621,3092,2000
1146.90,1908,1275,3298
1700.31,1030,2538,2034
1243.48,603,1126,2496
-1157.85,406,2432,2950
334.87,2839,4472,3850
1377.66,2083,3759,1421
172.98,859,2250,1925
1585.25,2005,2998,2773
-210.11,109,3243,1676
186.43,2997,4060,1142
1812.99,1906,2953,2951
427.93,882,1271,1528
1011.72,696,3783,3570
230.49,760,1843,3582
440.56,1288,2276,4562
-619.02,1873,1584,3568
-261.03,2798,2909,3819
-977.87,2613,4892,1172
-5.45,2728,4743,3249
-69.75,2287,4662,1207
1753.14,1932,3141,3488
-728.70,186,3255,1028
-168.58,2161,3742,4470
58.22,2283,2733,3555
653.10,1571,3295,3596
-1553.93,2158,1529,2484
199.51,2803,4595,4976
-617.51,2814,1306,2892
1217.36,2600,2801,4268
-41.25,305,1829,3786
-72.06,2671,2520,2695
370.84,1161,3596,4419
-671.19,2212,1425,3330
406.78,2754,2644,4307
843.19,1801,1199,4166
-310.23,230,3131,3782
179.06,2279,1921,4765
879.56,191,4258,4747
764.61,787,3445,2388
-117.19,143,3653,3668
1874.48,1784,3277,3760
426.61,240,1336,2416
5.84,1706,1623,3867
-335.38,1751,2666,4039
664.67,2021,2917,4338
1200.47,1202,2364,3335
1503.29,1652,2179,1121
-769.41,1059,2423,1031
-315.87,1510,4805,4719
1581.71,1831,3971,3602
44.58,726,1377,2391
-9.51,564,3761,4967
-8.74,2142,3620,2477
-1483.91,795,3787,4693
-143.27,2880,4276,4938
-308.39,2666,2288,3231
331.96,763,4780,4688
-70.87,1575,1299,4692
230.89,784,4835,3890
-717.21,1544,4308,2155
-418.90,2511,4063,3509
-945.02,1296,4102,4728
999.42,2420,4925,3520
436.68,498,4091,1920
430.80,1760,3864,1587
381.66,1701,3223,2325
463.67,1936,2562,2692
1290.02,1746,4272,1139
692.64,1251,2458,1294
1539.88,1239,2901,2670
-41.59,401,1023,3430
485.20,2656,3337,1937
791.16,2186,2747,1764
-379.01,639,4200,2187
1245.56,2598,1411,4897
941.21,1100,2012,2122
147.75,202,3903,2797
532.78,2730,3521,1065
-465.25,959,1941,4564
-669.37,1937,4176,3663
-551.84,1832,4750,3905
-500.74,2628,1924,4866
-705.05,2718,4811,1779
658.36,2973,2432,4225
-68.26,1658,2377,2536
812.95,1959,4208,2410
1445.29,2069,1018,2656
312.18,809,1012,3002
-123.29,1320,4794,1841
335.87,2108,2680,3780
-240.90,524,4090,3853
2126.81,1160,4035,4502
828.59,385,1135,1601
353.87,887,3021,2771
1504.53,892,2547,4633
335.26,726,1531,2473
558.86,1187,2015,4679
-819.26,1512,4259,1281
903.61,2559,4000,3789
-260.79,2013,1391,2126
1462.54,2619,2202,3747
-479.66,179,2175,2945
959.74,2875,4736,1511
1045.58,1576,2884,1295
1093.04,865,2683,2488
-423.05,690,4380,1024
704.92,2595,3601,2928
364.48,781,1883,4421
-678.50,2677,2988,1025
1117.26,1959,4233,4205
1005.52,765,3437,1726
2072.36,1211,1869,2779
-1182.62,158,1130,2169
1530.19,2812,4225,4209
410.49,285,2119,2610
-375.95,1418,1528,4515
1168.99,2234,3131,3877
817.41,679,3601,1566
218.51,2212,1663,1770
311.89,1201,2449,4585
,791,4895,2679